{
  "$schema": "https://schema.management.azure.com/schemas/2018-05-01/subscriptionDeploymentTemplate.json#",
  "contentVersion": "1.0.0.0",
  "parameters": {
    "resourceGroupName": {
      "type": "string",
      "defaultValue": "Meow",
      "metadata": {
        "_parameterType": "resourceGroup",
        "description": "資源的資源群組名稱。建議您將資源放在相同的資源群組下，以改進追蹤。"
      }
    },
    "resourceGroupLocation": {
      "type": "string",
      "defaultValue": "eastus",
      "metadata": {
        "_parameterType": "location",
        "description": "資源群組的位置。資源群組的位置可能與資源不同。"
      }
    },
    "resourceLocation": {
      "type": "string",
      "defaultValue": "[parameters('resourceGroupLocation')]",
      "metadata": {
        "_parameterType": "location",
        "description": "資源的位置。根據預設會使用資源群組的位置，除非該位置不支援資源提供者。"
      }
    }
  },
  "resources": [
    {
      "type": "Microsoft.Resources/resourceGroups",
      "name": "[parameters('resourceGroupName')]",
      "location": "[parameters('resourceGroupLocation')]",
      "apiVersion": "2019-10-01"
    },
    {
      "type": "Microsoft.Resources/deployments",
      "name": "[concat(parameters('resourceGroupName'), 'Deployment', uniqueString(concat('Meow', subscription().subscriptionId)))]",
      "resourceGroup": "[parameters('resourceGroupName')]",
      "apiVersion": "2019-10-01",
      "dependsOn": [
        "[parameters('resourceGroupName')]"
      ],
      "properties": {
        "mode": "Incremental",
        "template": {
          "$schema": "https://schema.management.azure.com/schemas/2019-04-01/deploymentTemplate.json#",
          "contentVersion": "1.0.0.0",
          "resources": [
            {
              "kind": "v12.0",
              "location": "[parameters('resourceLocation')]",
              "name": "meowplanet",
              "type": "Microsoft.Sql/servers",
              "apiVersion": "2017-10-01-preview"
            },
            {
              "sku": {
                "name": "Standard",
                "tier": "Standard",
                "capacity": 10
              },
              "kind": "v12.0,user",
              "location": "[parameters('resourceLocation')]",
              "name": "meowplanet/Meow",
              "type": "Microsoft.Sql/servers/databases",
              "apiVersion": "2017-10-01-preview",
              "dependsOn": [
                "meowplanet"
              ]
            }
          ]
        }
      }
    }
  ],
  "metadata": {
    "_dependencyType": "mssql.azure"
  }
}