{
  "dependencies": {
    "secrets1": {
      "type": "secrets.user"
    },
    "mssql1": {
      "resourceId": "/subscriptions/[parameters('subscriptionId')]/resourceGroups/[parameters('resourceGroupName')]/providers/Microsoft.Sql/servers/meowplanet/databases/Meow",
      "type": "mssql.azure",
      "connectionId": "ConnectionStrings:Server=tcp:meowplanet.database.windows.net,1433;InitialCatalog=Meow;PersistSecurityInfo=False;UserID=Meow;Password=Cat1234!;MultipleActiveResultSets=False;Encrypt=True;TrustServerCertificate=False;ConnectionTimeout=180;",
      "secretStore": "LocalSecretsFile"
    }
  }
}